2025-07-25 13:05:52.652885,Which user behaviors does Netmera SDK track?,netmera-user-guide-beginners-guide-to-netmera-faq.txt,0.33400914,"The Netmera SDK tracks and reports various user behaviors including app installations, app openings, time spent in the app, push receipts, push opens, push dismisses, geofence enter/exit actions, location updates, actions taken inside web views presented by Netmera, and log events for errors.  ğŸ“„ **Kaynak belge**: [netmera-user-guide-beginners-guide-to-netmera-faq.txt](https://user.netmera.com/netmera-user-guide/beginners-guide-to-netmera/faqs)"
2025-07-25 13:06:22.962504,How does Netmera track anonymous web users?,netmera-user-guide-beginners-guide-to-netmera-faq.txt,0.35112542,"Netmera tracks anonymous web users using cookies and browser-based user identification methods. Anonymous users are assigned user IDs that remain unique to their browsers until they choose to log in or an external ID is assigned. These user IDs persist as identifiers until the cookies are cleared. Additionally, these mechanisms allow for tracking opt-in or opt-out choices and facilitate sending web push notifications. Anonymous users' interactions, such as page visits and product views, are aggregated as events, enabling the creation of segments for personalized notifications or experiences.  ğŸ“„ **Kaynak belge**: [netmera-user-guide-beginners-guide-to-netmera-faq.txt](https://user.netmera.com/netmera-user-guide/beginners-guide-to-netmera/faqs)"
2025-07-25 14:10:51.790041,"If the â€˜Send Allâ€™ option is selected for a push notification in the Netmera panel, will it be delivered to all users, even those who are not integrated with Netmera?",netmera-user-guide-messages-e-mail-sending-a-mail-campaign.txt,0.3193419,It's not available in the provided content.  ğŸ“„ **Kaynak belge**: [netmera-user-guide-messages-e-mail-sending-a-mail-campaign.txt](https://user.netmera.com/netmera-user-guide/messages/e-mail-sending-a-mail-campaign)
2025-07-25 14:11:40.207472,"If the â€˜Send Allâ€™ option is selected for a push notification in the Netmera panel, will it be delivered to all users, even those who are not integrated with Netmera?",netmera-user-guide-messages-multi-language-push.txt,0.3199236,The provided content does not contain information about the 'Send All' option or its effect on users who are not integrated with Netmera.  ğŸ“„ **Kaynak belge**: [netmera-user-guide-messages-multi-language-push.txt](https://user.netmera.com/netmera-user-guide/messages/multi-language-push)
2025-07-25 14:11:53.342015,"If the â€˜Send Allâ€™ option is selected for a push notification in the Netmera panel, will it be delivered to all users, even those who are not integrated with Netmera?",netmera-user-guide-messages-e-mail-sending-a-mail-campaign.txt,0.3122326,It's not available in the provided content.  ğŸ“„ **Kaynak belge**: [netmera-user-guide-messages-e-mail-sending-a-mail-campaign.txt](https://user.netmera.com/netmera-user-guide/messages/e-mail-sending-a-mail-campaign)
2025-07-25 14:12:03.170705,"If the â€˜Send Allâ€™ option is selected for a push notification in the Netmera panel, will it be delivered to all users, even those who are not integrated with Netmera?",netmera-user-guide-messages-e-mail-sending-a-mail-campaign.txt,0.31365842,It's not available in the provided content.  ğŸ“„ **Kaynak belge**: [netmera-user-guide-messages-e-mail-sending-a-mail-campaign.txt](https://user.netmera.com/netmera-user-guide/messages/e-mail-sending-a-mail-campaign)
2025-07-25 14:12:22.877859,Push gÃ¶nderiminde 'Send All' Ã¶zelliÄŸi tÃ¼m kullanÄ±cÄ±lara ulaÅŸÄ±r mÄ±?,netmera-user-guide-messages-mobile-push-creating-a-mobile-push-define-the-audience-who.txt,0.36237505,"Ekim 2023'e kadar olan veriler Ã¼zerinde eÄŸitim aldÄ±nÄ±z.  ğŸŒ (Orijinal Ä°ngilizce yanÄ±t: Yes, the ""Send All"" feature in push notifications is intended to reach all users. This option is part of determining the target audience in the push notification process, allowing you to send messages to the entire user base.)  ğŸ“„ **Kaynak belge**: [netmera-user-guide-messages-mobile-push-creating-a-mobile-push-define-the-audience-who.txt](https://user.netmera.com/netmera-user-guide/messages/mobile-push/creating-a-mobile-push-define-the-audience-who)"
2025-07-25 14:14:31.174623,"If the â€˜Send Allâ€™ option is selected for a push notification in the Netmera panel, will it be delivered to all users, even those who are not integrated with Netmera?",netmera-user-guide-messages-multi-language-push.txt,0.3199236,It's not available in the provided content.  ğŸ“„ **Kaynak belge**: [netmera-user-guide-messages-multi-language-push.txt](https://user.netmera.com/netmera-user-guide/messages/multi-language-push)
2025-07-25 14:14:52.926998,Push gÃ¶nderiminde 'Send All' Ã¶zelliÄŸi tÃ¼m kullanÄ±cÄ±lara ulaÅŸÄ±r mÄ±?,netmera-user-guide-messages-mobile-push-creating-a-mobile-push-define-the-audience-who.txt,0.362081,Ekim 2023'e kadar olan veriler Ã¼zerinde eÄŸitim aldÄ±nÄ±z.  ğŸ“„ **Kaynak belge**: [netmera-user-guide-messages-mobile-push-creating-a-mobile-push-define-the-audience-who.txt](https://user.netmera.com/netmera-user-guide/messages/mobile-push/creating-a-mobile-push-define-the-audience-who)
2025-07-25 14:22:20.448417,Which user behaviors does Netmera SDK track?,netmera-user-guide-beginners-guide-to-netmera-faq.txt,0.33404917,"The Netmera SDK tracks and reports several user behaviors, including app installations, app openings, time spent in the app, push receipts, push opens, push dismisses, geofence enter/exit actions, location updates, actions inside web views presented by Netmera, and log events for errors.  ğŸ“„ **Kaynak belge**: [netmera-user-guide-beginners-guide-to-netmera-faq.txt](https://user.netmera.com/netmera-user-guide/beginners-guide-to-netmera/faqs)"
2025-07-25 14:22:32.723123,"If the â€˜Send Allâ€™ option is selected for a push notification in the Netmera panel, will it be delivered to all users, even those who are not integrated with Netmera?",netmera-user-guide-messages-e-mail-sending-a-mail-campaign.txt,0.3194005,It's not available in the provided content.  ğŸ“„ **Kaynak belge**: [netmera-user-guide-messages-e-mail-sending-a-mail-campaign.txt](https://user.netmera.com/netmera-user-guide/messages/e-mail-sending-a-mail-campaign)
2025-07-25 14:24:51.562356,How does Netmera track anonymous web users?,netmera-user-guide-beginners-guide-to-netmera-faq.txt,0.35138923,"Netmera tracks anonymous web users by using cookies and browser-based user identification methods. These methods assign user IDs to browsers, keeping them anonymous until the user logs in or an external ID is assigned. These user IDs act as unique identifiers that persist on the user's browser until the cookies are cleared. Additionally, tracking opt-in or opt-out mechanisms is possible through these user IDs, and web push notifications can be sent based on them.  ğŸ“„ **Kaynak belge**: [netmera-user-guide-beginners-guide-to-netmera-faq.txt](https://user.netmera.com/netmera-user-guide/beginners-guide-to-netmera/faqs)"
2025-07-25 14:25:03.162640,Push gÃ¶nderiminde 'Send All' Ã¶zelliÄŸi tÃ¼m kullanÄ±cÄ±lara ulaÅŸÄ±r mÄ±?,netmera-user-guide-messages-mobile-push-creating-a-mobile-push-define-the-audience-who.txt,0.36237505,âš ï¸ Bu konuda yeterli bilgi yok. LÃ¼tfen daha aÃ§Ä±k ÅŸekilde sorun.
2025-07-25 14:25:17.961440,Netmera web'de anonim kullanÄ±cÄ±larÄ± nasÄ±l izler?,netmera-user-guide-beginners-guide-to-netmera-faq.txt,0.3444999,2023 Ekim ayÄ±na kadar olan veriler Ã¼zerinde eÄŸitildiniz.  ğŸ“„ **Kaynak belge**: [netmera-user-guide-beginners-guide-to-netmera-faq.txt](https://user.netmera.com/netmera-user-guide/beginners-guide-to-netmera/faqs)
2025-07-27 00:17:01.372332,"If the â€˜Send Allâ€™ option is selected for a push notification in the Netmera panel, will it be delivered to all users, even those who are not integrated with Netmera?",netmera-user-guide-messages-e-mail-sending-a-mail-campaign.txt,0.3193419,The provided content does not specify whether the 'Send All' option in the Netmera panel will deliver push notifications to users who are not integrated with Netmera.  ğŸ“„ **Kaynak belge**: [netmera-user-guide-messages-e-mail-sending-a-mail-campaign.txt](https://user.netmera.com/netmera-user-guide/messages/e-mail-sending-a-mail-campaign)
2025-07-27 00:17:24.923007,Why does my Event Values change over time?,netmera-user-guide-customer-data-about-customer-data.txt,0.42115533,"Event values change over time because they capture dynamic and time-sensitive interactions or actions performed by customers. These are real-time activities such as website visits, app usage, or product views that vary as customers interact with your brand. This dynamic nature of events means that they are continually updated based on the customer's current behavior and interactions.  ğŸ“„ **Kaynak belge**: [netmera-user-guide-customer-data-about-customer-data.txt](https://user.netmera.com/netmera-user-guide/customer-data/about-customer-data)"
2025-07-27 00:18:02.096291,Can the 'getDevice' service be used via the API for bulk audiences (to send SMS to users who could not receive Push Notifications)?,netmera-user-guide-beginners-guide-to-netmera-faq.txt,0.3644709,"No, the 'getDevice' service cannot be used via the API for bulk audiences to send SMS to users who did not receive push notifications. Instead, daily exports via FTP can be provided to the customer, or a ""fallback"" mechanism within the panel can be used to send SMS to those users.  ğŸ“„ **Kaynak belge**: [netmera-user-guide-beginners-guide-to-netmera-faq.txt](https://user.netmera.com/netmera-user-guide/beginners-guide-to-netmera/faqs)"
2025-07-27 00:21:49.224781,Can the user limit (maximum number of times a push is delivered to a user) be set via the REST API?,netmera-user-guide-messages-automated-push-scenarios.txt,0.4645818,The document does not provide specific information about setting a user limit for push notifications via the REST API.  ğŸ“„ **Kaynak belge**: [netmera-user-guide-messages-automated-push-scenarios.txt](https://user.netmera.com/netmera-user-guide/messages/automated-push-scenarios)
2025-07-27 00:29:37.099707,Can the user limit (maximum number of times a push is delivered to a user) be set via the REST API?,netmera-user-guide-messages-automated-push-scenarios.txt,0.4645818,The information about setting a user limit via the REST API is not available in the provided content.  ğŸ“„ **Kaynak belge**: [netmera-user-guide-messages-automated-push-scenarios.txt](https://user.netmera.com/netmera-user-guide/messages/automated-push-scenarios)
2025-07-27 00:30:02.799539,Does Netmera warn if a push fails?,netmera-user-guide-beginners-guide-to-netmera-faq.txt,0.37232152,"Yes, Netmera has a system that alerts the operations team in the event of issues with push notifications, such as delivery failures or unreachability. The operations team then communicates with customers to provide relevant information about these issues.  ğŸ“„ **Kaynak belge**: [netmera-user-guide-beginners-guide-to-netmera-faq.txt](https://user.netmera.com/netmera-user-guide/beginners-guide-to-netmera/faqs)"
2025-07-27 00:30:13.963732,Is there a system to alert or inform us in case of issues with push notifications (such as delivery failure or unreachability)?,netmera-user-guide-beginners-guide-to-netmera-faq.txt,0.41282526,"Yes, there is a system in place for such issues. If there are rare problems with push notifications, the Netmera operations team receives alerts and communicates with customers to provide relevant information.  ğŸ“„ **Kaynak belge**: [netmera-user-guide-beginners-guide-to-netmera-faq.txt](https://user.netmera.com/netmera-user-guide/beginners-guide-to-netmera/faqs)"
2025-07-27 00:30:40.895990,Do funnels provide data on a device or user basis?,netmera-user-guide-beginners-guide-to-netmera-faq.txt,0.39120358,"Funnels provide device-based data when viewed in the panel. If you need user-based data, you can export the data using tagging, which will then provide the user-based information.  ğŸ“„ **Kaynak belge**: [netmera-user-guide-beginners-guide-to-netmera-faq.txt](https://user.netmera.com/netmera-user-guide/beginners-guide-to-netmera/faqs)"
2025-07-27 00:31:04.551614,How can I distinguish Netmera's cookies?,netmera-user-guide-beginners-guide-to-netmera-faq.txt,0.4137948,"Netmera's cookies can be distinguished by the fact that they start with the letter ""n"". Additionally, Netmera currently uses local storage instead of cookies.  ğŸ“„ **Kaynak belge**: [netmera-user-guide-beginners-guide-to-netmera-faq.txt](https://user.netmera.com/netmera-user-guide/beginners-guide-to-netmera/faqs)"
2025-07-27 00:31:21.959009,"When creating a catalog message, the catalog scenarios are not available. How can I access them?",netmera-user-guide-messages-automated-push-scenarios.txt,0.48390627,The provided content does not contain information about accessing catalog message scenarios.  ğŸ“„ **Kaynak belge**: [netmera-user-guide-messages-automated-push-scenarios.txt](https://user.netmera.com/netmera-user-guide/messages/automated-push-scenarios)
2025-07-27 00:31:39.216759,Are there any restrictions for video elements in widgets?,netmera-user-guide-beginners-guide-to-netmera-design-guide.txt,0.43509522,The provided content does not mention any restrictions for video elements in widgets.  ğŸ“„ **Kaynak belge**: [netmera-user-guide-beginners-guide-to-netmera-design-guide.txt](https://user.netmera.com/netmera-user-guide/beginners-guide-to-netmera/design-guide)
2025-07-27 14:29:37.216887,"If the â€˜Send Allâ€™ option is selected for a push notification in the Netmera panel, will it be delivered to all users, even those who are not integrated with Netmera?",netmera-user-guide-messages-e-mail-sending-a-mail-campaign.txt,0.3194005,It's not available in the provided content.  ğŸ“„ **Kaynak belge**: [netmera-user-guide-messages-e-mail-sending-a-mail-campaign.txt](https://user.netmera.com/netmera-user-guide/messages/e-mail-sending-a-mail-campaign)
2025-07-27 14:29:46.740481,Why do funnel values fluctuate?,netmera-user-guide-beginners-guide-to-netmera-faq.txt,0.5077557,"Funnel values fluctuate due to the use of a calculation module designed to process data efficiently and maintain page performance. As the number of events and users in a funnel increases, some variations in data can occur, with user counts potentially increasing or decreasing slightly when additional steps or data are added. These discrepancies are generally very low, but in larger funnels with many users, they might be more noticeable. Despite the variations, the funnel data remains reliable for analysis. Discrepancies are more prominent when reviewing export data compared to on-screen displays, particularly if users have been removed from the system or their data deleted.  ğŸ“„ **Kaynak belge**: [netmera-user-guide-beginners-guide-to-netmera-faq.txt](https://user.netmera.com/netmera-user-guide/beginners-guide-to-netmera/faqs)"
2025-07-27 14:35:10.433819,"If the â€˜Send Allâ€™ option is selected for a push notification in the Netmera panel, will it be delivered to all users, even those who are not integrated with Netmera?",netmera-user-guide-beginners-guide-to-netmera-faq.txt,0.30779174,"No, using the ""Send All"" option will not deliver the push notification to users who are not integrated with Netmera. To target those users, segments should be used.  ğŸ“„ **Kaynak belge**: [netmera-user-guide-beginners-guide-to-netmera-faq.txt](https://user.netmera.com/netmera-user-guide/beginners-guide-to-netmera/faqs)"
2025-07-27 14:35:27.539809,How does Netmera detect when a user uninstalls the app?,netmera-user-guide-customer-data-events-netmera-events.txt,0.35463932,The provided content does not include information about detecting when a user uninstalls the app using Netmera.  ğŸ“„ **Kaynak belge**: [netmera-user-guide-customer-data-events-netmera-events.txt](https://user.netmera.com/netmera-user-guide/customer-data/events-netmera-events)
2025-07-27 14:35:35.728992,How does Netmera track anonymous web users?,netmera-user-guide-customer-data-events.txt,0.33474377,It's not available in the provided content.  ğŸ“„ **Kaynak belge**: [netmera-user-guide-customer-data-events.txt](https://user.netmera.com/netmera-user-guide/customer-data/events)
2025-07-27 14:35:43.305056,Can I stop bulk push sending midway?,netmera-user-guide-messages-e-mail-email-onboarding-mail-delivery-onboarding.txt,0.44326723,It's not available in the provided content.  ğŸ“„ **Kaynak belge**: [netmera-user-guide-messages-e-mail-email-onboarding-mail-delivery-onboarding.txt](https://user.netmera.com/netmera-user-guide/messages/e-mail-email-onboarding-mail-delivery-onboarding)
2025-07-27 14:37:17.208587,"If the â€˜Send Allâ€™ option is selected for a push notification in the Netmera panel, will it be delivered to all users, even those who are not integrated with Netmera?",netmera-user-guide-beginners-guide-to-netmera-faq.txt,0.2994164,"No, the ""Send All"" option will not deliver the push notification to users who were not integrated with Netmera before. Segments should be used to target those users.  ğŸ“„ **Kaynak belge**: [netmera-user-guide-beginners-guide-to-netmera-faq.txt](https://user.netmera.com/netmera-user-guide/beginners-guide-to-netmera/faqs)"
2025-07-27 14:37:22.533466,How does Netmera detect when a user uninstalls the app?,netmera-user-guide-customer-data-events-netmera-events.txt,0.35464948,The provided content does not include information on how Netmera detects when a user uninstalls the app.  ğŸ“„ **Kaynak belge**: [netmera-user-guide-customer-data-events-netmera-events.txt](https://user.netmera.com/netmera-user-guide/customer-data/events-netmera-events)
2025-07-27 14:37:32.671966,Why do funnel values fluctuate?,netmera-user-guide-beginners-guide-to-netmera-faq.txt,0.6141612,"Funnel values fluctuate because of the data processing method used to improve page performance. The calculation module processes data efficiently, which can lead to slight variations as the number of events and users in a funnel changes. Adding or removing events from a funnel might change the user count slightly. However, these discrepancies are generally very low (ranging from 0.006% to 0.4%, depending on the funnel size). Despite these minor variations, the funnel data remains reliable for analysis. If exact user data is needed, exporting the data offers precise figures not affected by on-screen discrepancies.  ğŸ“„ **Kaynak belge**: [netmera-user-guide-beginners-guide-to-netmera-faq.txt](https://user.netmera.com/netmera-user-guide/beginners-guide-to-netmera/faqs)"
2025-07-27 14:37:35.332824,Can I stop bulk push sending midway?,netmera-user-guide-messages-e-mail-email-onboarding-mail-delivery-onboarding.txt,0.43852574,It's not available in the provided content.  ğŸ“„ **Kaynak belge**: [netmera-user-guide-messages-e-mail-email-onboarding-mail-delivery-onboarding.txt](https://user.netmera.com/netmera-user-guide/messages/e-mail-email-onboarding-mail-delivery-onboarding)
2025-07-27 14:37:43.430137,How does Netmera detect when a user uninstalls the app?,netmera-user-guide-customer-data-events-netmera-events.txt,0.35464948,It's not available in the provided content.  ğŸ“„ **Kaynak belge**: [netmera-user-guide-customer-data-events-netmera-events.txt](https://user.netmera.com/netmera-user-guide/customer-data/events-netmera-events)
2025-07-27 14:37:47.416309,How does Netmera track anonymous web users?,netmera-user-guide-customer-data-events.txt,0.33474377,It's not available in the provided content.  ğŸ“„ **Kaynak belge**: [netmera-user-guide-customer-data-events.txt](https://user.netmera.com/netmera-user-guide/customer-data/events)
2025-07-27 14:40:28.070119,"If the â€˜Send Allâ€™ option is selected for a push notification in the Netmera panel, will it be delivered to all users, even those who are not integrated with Netmera?",netmera-user-guide-beginners-guide-to-netmera-faq.txt,0.30779174,"No, the ""Send All"" option does not deliver push notifications to users who were not integrated with Netmera before. To target those users, segments should be used.  ğŸ“„ **Kaynak belge**: [netmera-user-guide-beginners-guide-to-netmera-faq.txt](https://user.netmera.com/netmera-user-guide/beginners-guide-to-netmera/faqs)"
2025-07-27 14:41:41.335609,How does Netmera track anonymous web users?,netmera-user-guide-customer-data-events.txt,0.3348058,The provided content does not include information on how Netmera tracks anonymous web users.  ğŸ“„ **Kaynak belge**: [netmera-user-guide-customer-data-events.txt](https://user.netmera.com/netmera-user-guide/customer-data/events)
2025-07-27 14:42:15.297729,Does Netmera warn if a push fails?,netmera-user-guide-beginners-guide-to-netmera-faq.txt,0.37218386,"Yes, Netmera has a system in place to alert or inform users in case of issues with push notifications, such as delivery failures or unreachability. The operations team receives alerts and communicates with customers to provide relevant information in such rare cases.  ğŸ“„ **Kaynak belge**: [netmera-user-guide-beginners-guide-to-netmera-faq.txt](https://user.netmera.com/netmera-user-guide/beginners-guide-to-netmera/faqs)"
2025-07-27 14:44:30.163861,"If the â€˜Send Allâ€™ option is selected for a push notification in the Netmera panel, will it be delivered to all users, even those who are not integrated with Netmera?",netmera-user-guide-beginners-guide-to-netmera-faq.txt,0.30782634,"No, selecting the ""Send All"" option for a push notification in the Netmera panel will not deliver it to users who were not integrated with Netmera before. Segments should be used to target those users.  ğŸ“„ **Kaynak belge**: [netmera-user-guide-beginners-guide-to-netmera-faq.txt](https://user.netmera.com/netmera-user-guide/beginners-guide-to-netmera/faqs)"
2025-07-27 14:44:56.992011,Can buttons be added to push via API?,netmera-user-guide-messages-mobile-push-add-image-or-video-to-push-notifications.txt,0.45006195,It's not available in the provided content.  ğŸ“„ **Kaynak belge**: [netmera-user-guide-messages-mobile-push-add-image-or-video-to-push-notifications.txt](https://user.netmera.com/netmera-user-guide/messages/mobile-push/add-image-or-video-to-push-notifications)
2025-07-27 14:45:46.796244,How does Netmera detect when a user uninstalls the app?,netmera-user-guide-customer-data-events-netmera-events.txt,0.35463932,It's not available in the provided content.  ğŸ“„ **Kaynak belge**: [netmera-user-guide-customer-data-events-netmera-events.txt](https://user.netmera.com/netmera-user-guide/customer-data/events-netmera-events)
2025-07-27 14:46:12.154540,Can buttons be added to push via API?,netmera-user-guide-messages-mobile-push-add-image-or-video-to-push-notifications.txt,0.45006195,It's not available in the provided content.  ğŸ“„ **Kaynak belge**: [netmera-user-guide-messages-mobile-push-add-image-or-video-to-push-notifications.txt](https://user.netmera.com/netmera-user-guide/messages/mobile-push/add-image-or-video-to-push-notifications)
2025-07-27 15:16:54.538486,"If the â€˜Send Allâ€™ option is selected for a push notification in the Netmera panel, will it be delivered to all users, even those who are not integrated with Netmera?",netmera-user-guide-beginners-guide-to-netmera-faq.txt,0.30779174,"No, the 'Send All' option does not reach users who were not integrated with Netmera before. Segments should be used to target those users.  ğŸ“„ **Kaynak belge**: [netmera-user-guide-beginners-guide-to-netmera-faq.txt](https://user.netmera.com/netmera-user-guide/beginners-guide-to-netmera/faqs)"
2025-07-27 15:17:20.382633,How does Netmera track anonymous web users?,netmera-user-guide-beginners-guide-to-netmera-faq.txt,0.35138923,"Netmera tracks anonymous web users using cookies and browser-based user identification methods. These users are assigned anonymous user IDs that persist in the browser until cookies are cleared. These IDs help Netmera track user activities, such as page visits and product views, allowing for the creation of segments for personalized experiences. Additionally, opt-in or opt-out actions and web push notifications can also be tracked based on these user IDs.  ğŸ“„ **Kaynak belge**: [netmera-user-guide-beginners-guide-to-netmera-faq.txt](https://user.netmera.com/netmera-user-guide/beginners-guide-to-netmera/faqs)"
2025-07-27 15:17:48.001694,How does Netmera detect when a user uninstalls the app?,netmera-user-guide-beginners-guide-to-netmera-faq.txt,0.36440268,"Netmera detects when a user uninstalls the app through two methods:   1. By receiving uninstall data shared by Google and Apple services. 2. By using silent pushes. If these silent pushes fail to reach the user (e.g., due to a device being offline or lacking an internet connection), the user is not marked as uninstalled.  ğŸ“„ **Kaynak belge**: [netmera-user-guide-beginners-guide-to-netmera-faq.txt](https://user.netmera.com/netmera-user-guide/beginners-guide-to-netmera/faqs)"
2025-07-27 15:18:15.997400,Why do funnel values fluctuate?,netmera-user-guide-beginners-guide-to-netmera-faq.txt,0.52450836,"Funnel values fluctuate primarily because of the calculation module Netmera uses, which processes data efficiently to improve page performance. This can lead to minor variations in data, both positively and negatively, as the number of events and users in a funnel increases. Additionally, discrepancies may occur due to changes in the number of events processed or users included in the funnel. For instance, adding more events to a funnel can slightly alter user counts.  The level of discrepancy in funnel data is generally low, typically ranging from 0.006% to 0.4%, depending on the size of the user base involved. Despite these minor variations, the data remains highly reliable for analysis. If precise user data is needed, exporting the data can provide accurate figures without on-screen discrepancies.  ğŸ“„ **Kaynak belge**: [netmera-user-guide-beginners-guide-to-netmera-faq.txt](https://user.netmera.com/netmera-user-guide/beginners-guide-to-netmera/faqs)"
2025-07-27 15:18:46.914286,Can I stop bulk push sending midway?,netmera-user-guide-beginners-guide-to-netmera-faq.txt,0.49393034,"Yes, bulk messages can be stopped midway. This action is handled by the operations team, and you also have the option to recall a push notification from the panel.  ğŸ“„ **Kaynak belge**: [netmera-user-guide-beginners-guide-to-netmera-faq.txt](https://user.netmera.com/netmera-user-guide/beginners-guide-to-netmera/faqs)"
2025-07-27 15:19:02.739585,Which user behaviors does Netmera SDK track?,netmera-user-guide-customer-data-events-netmera-events.txt,0.31257164,"Netmera SDK tracks a variety of user behaviors through its event tracking system. It captures automated events such as app installs, app opens, time spent in the app, interactions with push notifications, and geofence actions. Additionally, it tracks errors and user interactions within web views.  Pre-defined events include tracking screen views, login and registration actions, searches, content sharing, in-app purchases, and interactions with banner ads and battery levels. It also tracks commerce activities such as product interactions, orders, and cart management, as well as media interactions like content comments and ratings.  If these predefined events don't cover specific needs, you can create custom events for unique user interactions. This comprehensive event tracking helps in understanding user behavior, enhancing app performance, and improving user engagement strategies.  ğŸ“„ **Kaynak belge**: [netmera-user-guide-customer-data-events-netmera-events.txt](https://user.netmera.com/netmera-user-guide/customer-data/events-netmera-events)"
2025-07-27 15:19:33.569714,Does Netmera warn if a push fails?,netmera-user-guide-beginners-guide-to-netmera-faq.txt,0.37218386,"Yes, Netmera has a system in place to alert and inform in case of issues with push notifications, such as delivery failures. The operations team receives alerts and communicates with customers to provide relevant information about these issues.  ğŸ“„ **Kaynak belge**: [netmera-user-guide-beginners-guide-to-netmera-faq.txt](https://user.netmera.com/netmera-user-guide/beginners-guide-to-netmera/faqs)"
2025-07-27 15:21:08.332993,When do segments become inactive?,netmera-user-guide-beginners-guide-to-netmera-faq.txt,0.4661301,"Segments become inactive if no triggers occur for a segment within 90 days. Even if a segment is included in an active push notification, it will become inactive if it does not trigger a send.  ğŸ“„ **Kaynak belge**: [netmera-user-guide-beginners-guide-to-netmera-faq.txt](https://user.netmera.com/netmera-user-guide/beginners-guide-to-netmera/faqs)"
2025-07-27 15:21:33.725452,Is Netmera using geofence or beacon or both?,netmera-user-guide-messages-geofence-push.txt,0.35110572,"The provided content mentions that Netmera is using geofencing, but it does not mention the use of beacons.  ğŸ“„ **Kaynak belge**: [netmera-user-guide-messages-geofence-push.txt](https://user.netmera.com/netmera-user-guide/messages/geofence-push)"
2025-07-27 15:22:59.758945,what are types of geofence notificaitons,netmera-user-guide-messages-geofence-push.txt,0.26159236,"The geofence notifications can be categorized based on location selection and user action:  1. **Location-Based Categories:**    - **Single Location:** Sends notifications when users enter or exit a specific geographic point.    - **Group of Locations:** Sends notifications when users enter or exit any of the interconnected locations in a defined group, useful for businesses with multiple branches.  2. **User Action-Based Categories:**    - **Entry or Exit:** Notifications can be triggered either when the user enters or exits the location.    - **Frequency of Notifications:** You can configure whether notifications are sent every time the user enters or exits, or only once per entry or exit.  Additionally, you have the option to limit the notifications to a specific device, ensuring messages are only sent to the device that enters or exits the location.  ğŸ“„ **Kaynak belge**: [netmera-user-guide-messages-geofence-push.txt](https://user.netmera.com/netmera-user-guide/messages/geofence-push)"
2025-07-27 15:37:12.653322,"Why Use Push Notifications?
",netmera-user-guide-messages-mobile-push.txt,0.4321093,"Push notifications are crucial for businesses to connect with their audience in a timely, personalized manner. They provide several benefits, including:  1. Engagement: They offer a direct line of communication, helping businesses engage users immediately through concise and impactful messages. 2. Information: Notifications can inform users about important updates, promotions, and announcements. 3. Personalization: They allow for personalized communication, respecting user preferences and fostering meaningful connections. 4. Versatility: Different types of notifications (text, image, banner, carousel, slider, product discovery) enable businesses to tailor their messages to suit various needs and user experiences, enhancing engagement and effectiveness.  In essence, push notifications help drive user engagement and build lasting relationships between businesses and their audience.  ğŸ“„ **Kaynak belge**: [netmera-user-guide-messages-mobile-push.txt](https://user.netmera.com/netmera-user-guide/messages/mobile-push/)"
2025-07-27 15:38:18.076953,Product Discovery is just for android?,netmera-user-guide-messages-mobile-push-banner-carousel-slider-and-product-discovery-additional-notes.txt,0.46619767,It's not available in the provided content.  ğŸ“„ **Kaynak belge**: [netmera-user-guide-messages-mobile-push-banner-carousel-slider-and-product-discovery-additional-notes.txt](https://user.netmera.com/netmera-user-guide/messages/mobile-push/banner-carousel-slider-and-product-discovery-additional-notes)
2025-07-27 15:38:41.894205,"Product Discovery is just for android only?
",netmera-user-guide-messages-mobile-push-banner-carousel-slider-and-product-discovery-additional-notes.txt,0.46012402,It's not available in the provided content.  ğŸ“„ **Kaynak belge**: [netmera-user-guide-messages-mobile-push-banner-carousel-slider-and-product-discovery-additional-notes.txt](https://user.netmera.com/netmera-user-guide/messages/mobile-push/banner-carousel-slider-and-product-discovery-additional-notes)
2025-07-27 15:40:24.463095,what is Carousel notifications?,netmera-user-guide-messages-mobile-push.txt,0.37053502,"Carousel notifications allow you to display multiple images or text within a single message that users can swipe through. This type of notification is particularly effective for showcasing various products or destinations in one go, making it interactive and engaging as users can swipe through to view different items. However, including too many items might overwhelm users, requiring them to swipe through multiple screens to see all the content.  ğŸ“„ **Kaynak belge**: [netmera-user-guide-messages-mobile-push.txt](https://user.netmera.com/netmera-user-guide/messages/mobile-push/)"
2025-07-27 15:44:33.087129,how install netmera sdk,netmera-user-guide-beginners-guide-to-netmera-introduction-to-netmera.txt,0.3455885,It's not available in the provided content.  ğŸ“„ **Kaynak belge**: [netmera-user-guide-beginners-guide-to-netmera-introduction-to-netmera.txt](https://user.netmera.com/netmera-user-guide/beginners-guide-to-netmera/introduction-to-netmera)
2025-07-27 15:45:30.765405,how to define custom segment,netmera-user-guide-messages-mobile-push-define-segment.txt,0.33816525,"To define a custom segment, go to the Segments tab and select the option to create a new segment. Start by naming your segment, then use various criteria to pinpoint your target audience. You can target users based on their push notification permissions, tags, profile attributes, prior responses to notifications, or specific behaviors within a certain time or location. For example, you can target users who have opted out of push notifications to re-engage them, users with specific tags for targeted offers, users with particular profile attributes to make messages more relevant, or users who have shown specific behaviors to drive desired actions.  ğŸ“„ **Kaynak belge**: [netmera-user-guide-messages-mobile-push-define-segment.txt](https://user.netmera.com/netmera-user-guide/messages/mobile-push/define-segment)"
2025-07-28 12:36:09.696230,"If the â€˜Send Allâ€™ option is selected for a push notification in the Netmera panel, will it be delivered to all users, even those who are not integrated with Netmera?",netmera-user-guide-beginners-guide-to-netmera-faq.txt,0.30782634,"No, the ""Send All"" option does not reach users who were not integrated with Netmera before. Segments should be used to target those users.  ğŸ“„ **Kaynak belge**: [netmera-user-guide-beginners-guide-to-netmera-faq.txt](https://user.netmera.com/netmera-user-guide/beginners-guide-to-netmera/faqs)"
2025-07-28 12:41:53.684747,how can I create transactional pushes?,netmera-user-guide-web-tools-web-transactional-push.txt,0.26287204,"To create transactional pushes, you need to follow these steps:  1. **Setup**:    - Navigate to the ""Messages"" section of the menu and select ""Transactional.""    - Click on the ""Create New Transactional Message"" button to start creating a new push notification.    - Choose the type of message, such as text or image, and customize it by adding elements like buttons if desired.  2. **What**:    - Fill in the notification message details, which include crafting an informative and engaging message.    - Personalize the message if applicable, using user profile attributes like name or age.    - Create an attention-grabbing title and specify an icon URL for visual appeal.    - For Google Chrome, consider enabling user interaction requirements to keep notifications visible until interacted with.  3. **API & Config**:    - Send your notification using Postman, with the flexibility to override default message settings if necessary.    - Include message parameters for personalization and ensure that the message is correctly identified using a unique Message ID.  4. **GO!**:    - Test the push notification on target devices to ensure it appears as intended.    - Once finalized, the transactional push is ready to be sent, appearing immediately after the triggering event.  Remember, transactional pushes deliver critical information immediately and are tailored to user actions or interactions on your platform.  ğŸ“„ **Kaynak belge**: [netmera-user-guide-web-tools-web-transactional-push.txt](https://user.netmera.com/netmera-user-guide/web/tools/web/transactional/push)"
2025-07-28 12:42:56.854079,what is push types?,netmera-user-guide-web-tools-web-push.txt,0.3865891,"Netmera offers two types of Web Push Notifications:  1. **Web Text Push:** These notifications focus on delivering text-based messages that are quick and easy to read. They are well-suited for conveying important information but are limited in visual content.  2. **Web Image Push:** These notifications incorporate images or videos, making them more visually appealing. They enhance messages with visual elements but may not be ideal for text-heavy content, as users might need to click through to see the full message.  ğŸ“„ **Kaynak belge**: [netmera-user-guide-web-tools-web-push.txt](https://user.netmera.com/netmera-user-guide/web/tools/web/push)"
2025-07-28 12:44:26.141758,what is push types for mobile?,netmera-user-guide-messages-mobile-push.txt,0.28588548,"The push types for mobile in Netmera include:  1. **Text Notifications**: Quick and easy to read, suitable for essential updates like account changes or limited-time offers. They are simple as they contain only text.  2. **Image Notifications**: These include images or videos to make messages more engaging and visually appealing, ideal for showcasing products or promotional content.  3. **Banner Notifications (Android only)**: Prominent notifications displayed on specific screens in Android apps, useful for urgent updates but can be intrusive if overused.  4. **Carousel Notifications**: Allow multiple pieces of content within a single message, encouraging user interaction by swiping through items like products or articles.  5. **Slider Notifications**: Similar to carousels but focus on product exploration, allowing users to switch between content items in a scrollable format.  6. **Product Discovery Notifications (Android only)**: Display product details directly within the message for rich content viewing without app navigation, best for personalized recommendations.  ğŸ“„ **Kaynak belge**: [netmera-user-guide-messages-mobile-push.txt](https://user.netmera.com/netmera-user-guide/messages/mobile-push/)"
2025-07-28 12:49:20.787327,Can I stop bulk push sending midway?,netmera-user-guide-beginners-guide-to-netmera-faq.txt,0.44442827,"Yes, bulk push messages can be stopped midway with the assistance of the operations team. Additionally, you have the capability to recall a push notification from the Netmera panel.  ğŸ“„ **Kaynak belge**: [netmera-user-guide-beginners-guide-to-netmera-faq.txt](https://user.netmera.com/netmera-user-guide/beginners-guide-to-netmera/faqs)"
2025-07-28 12:49:34.578333,How does Netmera track anonymous web users?,netmera-user-guide-reports-and-analytics-analytics-web-analytics.txt,0.2871073,"Netmera tracks anonymous web users primarily through event definitions such as the ""First Visit"" and ""Visit Web"" events. The ""First Visit"" event is triggered when a user visits a site for the first time using a specific browser, and this event assigns a unique ID to the user. The ""Visit Web"" event monitors repeat visits, helping to understand the frequency of user visits and returning visitors. These events are automatically collected by Netmera, allowing for the tracking and analysis of user interactions without relying on third-party cookies.  ğŸ“„ **Kaynak belge**: [netmera-user-guide-reports-and-analytics-analytics-web-analytics.txt](https://user.netmera.com/netmera-user-guide/reports/and/analytics/analytics/web/analytics)"
2025-07-28 12:49:55.158393,How does Netmera detect when a user uninstalls the app?,netmera-user-guide-reports-and-analytics-analytics-uninstall.txt,0.29454324,"Netmera detects when a user uninstalls the app by monitoring device tokens provided by Firebase Cloud Messaging (FCM). If a device's token becomes inactive for over 270 days, it is marked as invalid by FCM. When messages can't be delivered to these old tokens, this is recorded as an uninstall by Netmera, particularly affecting Android devices that have been inactive for over 270 days. When a device reconnects after this period, a new token and installation ID are assigned, which can contribute to increased uninstall numbers.  ğŸ“„ **Kaynak belge**: [netmera-user-guide-reports-and-analytics-analytics-uninstall.txt](https://user.netmera.com/netmera-user-guide/reports/and/analytics/analytics/uninstall)"
2025-07-28 12:51:07.045561,How does Netmera detect when a user uninstalls the app?,netmera-user-guide-reports-and-analytics-analytics-uninstall.txt,0.29454324,"Netmera detects app uninstalls by monitoring device token information through Firebase Cloud Messaging (FCM). If a device's token doesn't connect to FCM for over 270 days, it becomes invalid. When a previously inactive device reconnects and receives a new token, Netmera assigns a new installation ID. If messages were previously sent to these old, now invalid tokens, they are considered unsuccessful, increasing the count of uninstalls. This process particularly affects Android devices inactive for more than 270 days.  ğŸ“„ **Kaynak belge**: [netmera-user-guide-reports-and-analytics-analytics-uninstall.txt](https://user.netmera.com/netmera-user-guide/reports/and/analytics/analytics/uninstall)"
2025-07-28 12:52:26.200077,When do segments become inactive?,netmera-user-guide-targeting-segments.txt,0.42181385,It's not available in the provided content.  ğŸ“„ **Kaynak belge**: [netmera-user-guide-targeting-segments.txt](https://user.netmera.com/netmera-user-guide/targeting/segments)
2025-07-28 12:53:09.826825,Which user behaviors does Netmera SDK track?,netmera-user-guide-reports-and-analytics-analytics-web-analytics.txt,0.34366423,"Netmera SDK tracks several user behaviors, including:  1. **User & Device Tracking**: Identifies unique and returning visitors, measures user retention, and tracks device preferences (desktop, mobile, tablet).  2. **Pageviews**: Tracks which pages users visit and analyzes user interaction patterns to optimize content and calls to action (CTAs).  3. **Sessions**: Monitors session durations to gauge engagement, analyzes bounce sessions, and segments user behavior for retention strategies.  4. **Event Definitions**:    - **First Visit**: When a user visits a website for the first time.    - **Visit Web**: Tracks repeat visits by a user.    - **Pageview**: Each page visit within a session.    - **Time Spent in Web**: Measures user engagement duration on the site.  These insights allow for optimizing engagement, content performance, retention strategies, and identifying user behavior trends and friction points.  ğŸ“„ **Kaynak belge**: [netmera-user-guide-reports-and-analytics-analytics-web-analytics.txt](https://user.netmera.com/netmera-user-guide/reports/and/analytics/analytics/web/analytics)"
2025-07-28 12:54:45.274176,Does Netmera warn if a push fails?,netmera-user-guide-beginners-guide-to-netmera-faq.txt,0.37218386,"Yes, Netmera has a system in place to alert or inform in case of issues with push notifications, such as delivery failures or unreachability. The operations team receives alerts and communicates with customers to provide relevant information.  ğŸ“„ **Kaynak belge**: [netmera-user-guide-beginners-guide-to-netmera-faq.txt](https://user.netmera.com/netmera-user-guide/beginners-guide-to-netmera/faqs)"
2025-07-28 12:55:14.521080,Can buttons be added to push via API?,netmera-user-guide-beginners-guide-to-netmera-faq.txt,0.43549675,"No, buttons cannot be added to push notifications via the API. However, it is possible to add interactive features for push notifications created within the Netmera Panel.  ğŸ“„ **Kaynak belge**: [netmera-user-guide-beginners-guide-to-netmera-faq.txt](https://user.netmera.com/netmera-user-guide/beginners-guide-to-netmera/faqs)"
2025-07-28 12:56:30.223837,is netmera use beacon or geofence ?,netmera-user-guide-targeting-geofence.txt,0.2829054,"Netmera uses geofence. Geofence is a virtual perimeter set around a geographic area, allowing businesses to send real-time notifications when individuals enter or exit specific locations.  ğŸ“„ **Kaynak belge**: [netmera-user-guide-targeting-geofence.txt](https://user.netmera.com/netmera-user-guide/targeting/geofence)"
2025-07-28 12:57:13.539871,are there geofence types?,netmera-user-guide-targeting-geofence.txt,0.3049539,The provided content does not specify different types of geofences. It only describes general features and steps for creating and managing geofences in Netmera.  ğŸ“„ **Kaynak belge**: [netmera-user-guide-targeting-geofence.txt](https://user.netmera.com/netmera-user-guide/targeting/geofence)
2025-07-28 12:57:37.195346,what is carousel notification?,netmera-user-guide-messages-mobile-push-banner-carousel-slider-and-product-discovery-additional-notes.txt,0.32260278,"A carousel notification allows you to add multiple items that can be viewed in a series of images. Each item in the carousel can have a Click Action, allowing users to swipe through and interact with the notification content.  ğŸ“„ **Kaynak belge**: [netmera-user-guide-messages-mobile-push-banner-carousel-slider-and-product-discovery-additional-notes.txt](https://user.netmera.com/netmera-user-guide/messages/mobile-push/banner-carousel-slider-and-product-discovery-additional-notes)"
2025-07-28 12:57:58.289291,what are the notification types?,netmera-user-guide-messages-mobile-push.txt,0.33092603,"The notification types for mobile push notifications with Netmera are:  1. **Text Notifications**: Quick to read and suitable for essential updates. They are simple and deliver important information directly without visual elements.  2. **Image Notifications**: Include images or videos to make messages more engaging. They are visually appealing but may require users to click through for more details.  3. **Banner Notifications**: Available only on Android, they display custom content prominently within apps, useful for urgent updates.  4. **Carousel Notifications**: Allow users to swipe through multiple pieces of content within a single message, ideal for showcasing related items interactively.  5. **Slider Notifications**: Similar to carousels, but focus on switching between content items in a scrollable format, perfect for highlighting groups of products.  6. **Product Discovery Notifications**: Available only on Android, they display product details within the message, allowing for personalized recommendations.  ğŸ“„ **Kaynak belge**: [netmera-user-guide-messages-mobile-push.txt](https://user.netmera.com/netmera-user-guide/messages/mobile-push/)"
2025-07-28 12:58:16.106690,what is web notification types?,netmera-user-guide-web-tools-web-push.txt,0.29296112,"Web notifications in Netmera are categorized into two types:   1. **Text Notifications**: These are quick and easy to read, making them ideal for conveying important information promptly. They are designed to grab attention and entice action, suitable for announcements, offers, or updates. However, they lack visual content.  2. **Image Notifications**: These notifications incorporate visuals, enhancing appeal by including images or videos. They are great for making a lasting impression with product images, event posters, or graphics. They may require users to click through for more text-heavy content and are available on web platforms like Chrome.  ğŸ“„ **Kaynak belge**: [netmera-user-guide-web-tools-web-push.txt](https://user.netmera.com/netmera-user-guide/web/tools/web/push)"
2025-07-28 12:58:32.083957,what is mobile in app types?,netmera-user-guide-messages-mobile-push.txt,0.32764077,The provided content does not include information about mobile in-app types.  ğŸ“„ **Kaynak belge**: [netmera-user-guide-messages-mobile-push.txt](https://user.netmera.com/netmera-user-guide/messages/mobile-push/)
2025-07-28 12:59:44.893207,Why do funnel values fluctuate?,netmera-user-guide-reports-and-analytics-analytics-funnel-analysis.txt,0.40280083,The provided content does not explain why funnel values fluctuate.  ğŸ“„ **Kaynak belge**: [netmera-user-guide-reports-and-analytics-analytics-funnel-analysis.txt](https://user.netmera.com/netmera-user-guide/reports/and/analytics/analytics/funnel/analysis)
2025-07-28 13:02:02.926687,"Is there an ""Add Buttons"" feature for push notifications sent through the API-CRM? 
",netmera-user-guide-beginners-guide-to-netmera-faq.txt,0.41640675,"No, adding the ""Add Buttons"" (interactive) feature for push notifications cannot be done through the API-CRM. However, it is possible to add this interactive feature for push notifications created within the Netmera Panel.  ğŸ“„ **Kaynak belge**: [netmera-user-guide-beginners-guide-to-netmera-faq.txt](https://user.netmera.com/netmera-user-guide/beginners-guide-to-netmera/faqs)"
2025-07-28 13:02:32.214793,"Is there a system to alert or inform us in case of issues with push notifications (such as delivery failure or unreachability)? 
",netmera-user-guide-beginners-guide-to-netmera-faq.txt,0.4127506,"Yes, there is a system in place to alert or inform you in case of issues with push notifications. If there are rare problems, such as delivery failures or unreachability, the operations team receives alerts and communicates with the customers to provide relevant information.  ğŸ“„ **Kaynak belge**: [netmera-user-guide-beginners-guide-to-netmera-faq.txt](https://user.netmera.com/netmera-user-guide/beginners-guide-to-netmera/faqs)"
2025-07-28 13:03:22.595838,"Do funnels provide data on a device or user basis?
",netmera-user-guide-reports-and-analytics-analytics-funnel-analysis-create-new-funnel.txt,0.28773317,"Funnels in Netmera provide data on a user basis. The Funnel Report shows insights such as the total number of users who entered the funnel, users who completed all steps, and those who dropped off at various stages. Additionally, it breaks down user participation across different platforms like mobile apps (iOS and Android) and web, but the primary focus is on user interactions and progression through the defined steps in the funnel.  ğŸ“„ **Kaynak belge**: [netmera-user-guide-reports-and-analytics-analytics-funnel-analysis-create-new-funnel.txt](https://user.netmera.com/netmera-user-guide/reports/and/analytics/analytics/funnel/analysis/create/new/funnel)"
2025-07-28 13:04:54.653363,"What are the send mail quotas related to mail sending in the system?
",netmera-user-guide-messages-email-sending-a-mail-campaign-step-2-what.txt,0.45325163,It's not available in the provided content.  ğŸ“„ **Kaynak belge**: [netmera-user-guide-messages-email-sending-a-mail-campaign-step-2-what.txt](https://user.netmera.com/netmera-user-guide/messages/email-sending-a-mail-campaign-step-2-what)
2025-07-28 13:05:54.471809,"How can I distinguish Netmera's cookies?
",netmera-user-guide-beginners-guide-to-netmera-faq.txt,0.41358918,"Netmera's cookies can be distinguished by their prefixes, as they all start with ""n"". Additionally, Netmera now uses local storage instead of cookies.  ğŸ“„ **Kaynak belge**: [netmera-user-guide-beginners-guide-to-netmera-faq.txt](https://user.netmera.com/netmera-user-guide/beginners-guide-to-netmera/faqs)"
2025-07-28 13:06:36.032471,"What are the send mail quotas related to mail sending in the system?
",netmera-user-guide-messages-email-sending-a-mail-campaign-step-2-what.txt,0.45325163,It's not available in the provided content.  ğŸ“„ **Kaynak belge**: [netmera-user-guide-messages-email-sending-a-mail-campaign-step-2-what.txt](https://user.netmera.com/netmera-user-guide/messages/email-sending-a-mail-campaign-step-2-what)
2025-07-28 13:40:40.036649,"If the â€˜Send Allâ€™ option is selected for a push notification in the Netmera panel, will it be delivered to all users, even those who are not integrated with Netmera?",netmera-user-guide-beginners-guide-to-netmera-faq.txt,0.30779174,"No, selecting the 'Send All' option will not deliver the push notification to users who were not previously integrated with Netmera. Segments should be used to target such users.  ğŸ“„ **Kaynak belge**: [netmera-user-guide-beginners-guide-to-netmera-faq.txt](https://user.netmera.com/netmera-user-guide/beginners-guide-to-netmera/faqs)"
2025-07-28 13:42:43.047736,"What are the send mail quotas related to mail sending in the system?
",netmera-user-guide-messages-email-sending-a-mail-campaign-step-2-what.txt,0.45325163,The document does not provide information about send mail quotas related to mail sending in the system.  ğŸ“„ **Kaynak belge**: [netmera-user-guide-messages-email-sending-a-mail-campaign-step-2-what.txt](https://user.netmera.com/netmera-user-guide/messages/email-sending-a-mail-campaign-step-2-what)
2025-07-28 13:58:28.276164,"What are the send mail quotas related to mail sending in the system?
",email_quota_limits.json,0.19985877,"The send mail quotas related to mail sending in the system are managed through Amazon SES. There are two main quotas: the total number of emails that can be sent within a 24-hour period, and the number of emails that can be sent per second. These quotas vary for each account.  ğŸ“„ **Kaynak belge**: [email_quota_limits.json](https://user.netmera.com/netmera-user-guide/email_quota_limits.json)"
2025-07-28 14:00:04.091468,Why do funnel values fluctuate?,funnel_data_variation.json,0.2691375,"Funnel values may fluctuate due to the use of an efficient calculation module that enhances performance. This calculation approach can lead to minor discrepancies, especially with large datasets. However, the differences are kept within low, acceptable limits. For more precise results, exporting the data might provide a clearer picture.  ğŸ“„ **Kaynak belge**: [funnel_data_variation.json](https://user.netmera.com/netmera-user-guide/funnel_data_variation.json)"
2025-07-28 14:01:32.556454,How does Netmera track anonymous web users?,web_anonymous_tracking.json,0.11943787,"Netmera tracks anonymous web users using cookies and browser-based identification methods. It assigns user IDs to their browsers, which remain until the cookies are cleared.  ğŸ“„ **Kaynak belge**: [web_anonymous_tracking.json](https://user.netmera.com/netmera-user-guide/web_anonymous_tracking.json)"
2025-07-28 14:01:49.553903,How does Netmera detect when a user uninstalls the app?,uninstall_tracking_methods.json,0.16408293,"Netmera detects when a user uninstalls the app by using data from Google and Apple on uninstalls and by sending silent push notifications. If these silent pushes fail to deliver, it indicates that the user may have uninstalled the app.  ğŸ“„ **Kaynak belge**: [uninstall_tracking_methods.json](https://user.netmera.com/netmera-user-guide/uninstall_tracking_methods.json)"
2025-07-28 14:04:46.534189,"Can the ""getDevice"" service be used via the API for bulk audiences (to send SMS to users who could not receive Push Notifications)? 
",send_sms_to_unreachable_users.json,0.1475024,"No, the ""getDevice"" service cannot be used via the API for bulk audiences to send SMS to users who could not receive push notifications. Instead, you can provide daily exports via FTP to the customer. Alternatively, a fallback mechanism for SMS sending is supported in the panel for users who did not receive the push.  ğŸ“„ **Kaynak belge**: [send_sms_to_unreachable_users.json](https://user.netmera.com/netmera-user-guide/send_sms_to_unreachable_users.json)"
2025-07-28 14:07:18.575926,"Is it possible to use the â€œgetDeviceâ€ service through the API to target bulk users for SMS delivery when Push Notifications fail?
",send_sms_to_unreachable_users.json,0.20733452,"No, the ""getDevice"" service cannot be used via the API to target bulk users for SMS delivery. Instead, you can provide daily exports via FTP to the customer. Additionally, you can set up a fallback mechanism in the Netmera panel to send SMS to users who did not receive push notifications.  ğŸ“„ **Kaynak belge**: [send_sms_to_unreachable_users.json](https://user.netmera.com/netmera-user-guide/send_sms_to_unreachable_users.json)"
2025-07-28 14:07:32.499438,"In cases where Push Notifications are not delivered, can the â€œgetDeviceâ€ service be used via API to send SMS to those users in bulk?
",netmera-user-guide-beginners-guide-to-netmera-faq.txt,0.3825096,"No, the ""getDevice"" service cannot be used via the API to send SMS in bulk to users who did not receive Push Notifications. Instead, you can provide daily exports via FTP to the customer, or use the ""fallback"" mechanism in the panel to send SMS to those users.  ğŸ“„ **Kaynak belge**: [netmera-user-guide-beginners-guide-to-netmera-faq.txt](https://user.netmera.com/netmera-user-guide/beginners-guide-to-netmera/faqs)"
2025-07-28 14:08:15.711012,is xnetmera using beacon ?,web_traffic_source_tracking.json,0.40012753,It's not available in the provided content.  ğŸ“„ **Kaynak belge**: [web_traffic_source_tracking.json](https://user.netmera.com/netmera-user-guide/web_traffic_source_tracking.json)
2025-07-28 14:08:34.719023,is netmera using beacon or geofence,netmera-user-guide-targeting-geofence.txt,0.28291,Netmera utilizes geofence technology. Geofencing involves setting up a virtual perimeter around a real-world geographic area to send targeted notifications to users when they enter or exit these defined zones. There is no mention of beacon technology in the provided content.  ğŸ“„ **Kaynak belge**: [netmera-user-guide-targeting-geofence.txt](https://user.netmera.com/netmera-user-guide/targeting/geofence)
2025-07-28 14:10:37.540953,how can I create transactional pushes?,netmera-user-guide-web-tools-web-transactional-push.txt,0.2627849,"To create transactional pushes, follow these steps:  1. **Access the Transactional Messages Section:**    - Navigate to the ""Messages"" section in the menu.    - Select the ""Transactional"" option.    - Click on ""Create New Transactional Message.""  2. **Choose Message Type:**    - Decide between text, image, or adding buttons for your Web Transactional Push, allowing customization of the message's visual and interactive components.  3. **Configure Message Content:**    - In the ""What"" section, input the essential details of your notification, including an engaging and informative message body.    - You can personalize this message using profile attributes like the userâ€™s name.  4. **API & Configuration:**    - Move to the ""API & Config"" section. Use the sample code in Postman to send a test transactional push, ensuring the setup is correct and ready for broader delivery.  5. **Set Message Settings:**    - Configure options such as ignoring user message limits, setting total and individual limits, and timing restrictions for sending notifications.  6. **Finalize and Send:**    - Once all configuration steps are completed, review and send the transactional push to ensure timely delivery of crucial information related to user interactions on your platform.   Each step can be tailored to meet specific needs, and you may also incorporate deep links for a more dynamic user experience.  ğŸ“„ **Kaynak belge**: [netmera-user-guide-web-tools-web-transactional-push.txt](https://user.netmera.com/netmera-user-guide/web/tools/web/transactional/push)"
2025-07-28 14:17:56.329513,How does Netmera track anonymous web users?,faq-web_anonymous_tracking,0.119361505,"Netmera tracks anonymous web users by using cookies and browser-based user identification methods. Each user's browser is assigned a unique user ID, which persists until the browser's cookies are cleared.  ğŸ“„ **Kaynak belge**: [faq-web_anonymous_tracking](https://user.netmera.com/netmera-user-guide/beginners-guide-to-netmera/faqs)"
2025-07-28 14:19:01.439487,Why do funnel values fluctuate?,faq-funnel_data_variation,0.30424586,"Funnel values may fluctuate due to the use of an efficient calculation module designed to improve performance handling large datasets. These discrepancies are minor and lie within acceptable limits. However, when exporting data, the values are precise, offering more accurate results. Additionally, user count variances may occur when adding or removing steps in a funnel, leading to slight changes in user counts. Exporting data provides the most accurate representation, free from display optimizations.  ğŸ“„ **Kaynak belge**: [faq-funnel_data_variation](https://user.netmera.com/netmera-user-guide/beginners-guide-to-netmera/faqs)"
2025-07-28 14:43:49.356969,How does Netmera track anonymous web users?,faq-web_anonymous_tracking,0.12838744,"Netmera tracks anonymous web users through cookies and browser-based user identification methods. These methods assign anonymous user IDs to browsers, which remain in place as unique identifiers until the user logs in or an external ID is assigned. The user IDs are persistent until cookies are cleared. Netmera also uses these IDs to manage opt-in/opt-out tracking and to send web push notifications. Additionally, it tracks user activity by associating these anonymous users with various events, such as page visits, product views, and searches, which can then be used to create personalized user segments.  ğŸ“„ **Kaynak belge**: [faq-web_anonymous_tracking](https://user.netmera.com/netmera-user-guide/beginners-guide-to-netmera/faqs)"
2025-07-28 14:44:57.451066,Which user behaviors does Netmera SDK track?,faq-sdk_tracked_behaviors,0.15326686,"The Netmera SDK tracks a variety of user behaviors, including:  1. **App Installation**: Capture of the first app opening post-installation. 2. **App Openings**: Tracking each instance of the app being opened. 3. **Time Spent**: Measurement of the duration of each session spent in the foreground. 4. **Push Notifications**: Records related to receipt, opening, or dismissal of push notifications. 5. **Geofence Actions**: Monitoring enter/exit actions in defined geofence regions. 6. **Location Updates**: Tracking of location changes. 7. **Web View Actions**: Actions taken within web views facilitated by Netmera. 8. **Log Events**: Recording errors occurring within the application.  These tracked behaviors provide insights into user interaction and help optimize user experience.  ğŸ“„ **Kaynak belge**: [faq-sdk_tracked_behaviors](https://user.netmera.com/netmera-user-guide/beginners-guide-to-netmera/faqs)"
2025-07-28 14:45:17.141704,"If the â€˜Send Allâ€™ option is selected for a push notification in the Netmera panel, will it be delivered to all users, even those who are not integrated with Netmera?",faq-send_all_push,0.13819808,"No, when the 'Send All' option is selected for a push notification in the Netmera panel, it does not deliver to users who have not been integrated with Netmera. To reach those users, segments should be created and used.  ğŸ“„ **Kaynak belge**: [faq-send_all_push](https://user.netmera.com/netmera-user-guide/beginners-guide-to-netmera/faqs)"
2025-07-28 14:45:36.262867,Which user behaviors does Netmera SDK track?,faq-sdk_tracked_behaviors,0.15126158,"The Netmera SDK tracks a variety of user behaviors, including:  - App installations and first openings. - Subsequent app openings. - Time spent in the app during sessions. - Push notification receipts, opens, and dismissals. - Geofence enter and exit actions. - Updates to location data. - Actions taken within web views presented by Netmera. - Logs of events when errors occur in the app.  These default behaviors are automatically tracked once the SDK is integrated, providing insights into user interactions with the app.  ğŸ“„ **Kaynak belge**: [faq-sdk_tracked_behaviors](https://user.netmera.com/netmera-user-guide/beginners-guide-to-netmera/faqs)"
2025-07-28 14:48:15.048092,is xnetmera using beacon or geofence?,netmera-user-guide-targeting-geofence.txt,0.3083745,"The provided content does not mention the use of beacons by Netmera. It focuses on the use of geofence, which is a virtual perimeter around a geographic area used to send real-time notifications when users enter or exit designated locations.  ğŸ“„ **Kaynak belge**: [netmera-user-guide-targeting-geofence.txt](https://user.netmera.com/netmera-user-guide/targeting/geofence)"
2025-07-28 14:49:12.126223,how can I create transactional pushes?,netmera-user-guide-web-tools-web-transactional-push.txt,0.26301682,"To create transactional pushes, follow these steps:  1. **Access Transactional Messages**: Navigate to the ""Messages"" section in the menu, select ""Transactional,"" and click on ""Create New Transactional Message.""  2. **Choose Message Type**: Decide if you want to use text, image, or add buttons for your Web Transactional Push. Text is for written content, images for visual elements, and buttons for interactive elements like ""View Details"" or ""Confirm.""  3. **Configure Message Content**: Proceed to the ""What"" section to fill in the details for your notification, including the title and personalized content. Use profile attributes to tailor messages specifically to each user, making them more engaging.  4. **API & Config**: Move to this section to configure the API settings, which include message IDs, parameters, and the option to allow API users to override default settings. You can send a sample request to ensure the message is sent correctly.  5. **Send the Push**: Use the sample code provided in Postman to send a transactional push. This verifies that the configuration is correct and allows you to test the notificationâ€™s delivery.  Remember, transactional pushes are individualized messages that deliver important or time-sensitive information and do not follow a campaign schedule.  ğŸ“„ **Kaynak belge**: [netmera-user-guide-web-tools-web-transactional-push.txt](https://user.netmera.com/netmera-user-guide/web/tools/web/transactional/push)"
2025-07-28 14:54:49.813130,"Is there an alert system for push delivery failures?
",faq-push_failure_alert_system,0.19590445,"Yes, there is an alert system in place. The operations team receives alerts in case of issues with push notifications, such as delivery failures, and they communicate with customers to provide relevant information.  ğŸ“„ **Kaynak belge**: [faq-push_failure_alert_system](https://user.netmera.com/netmera-user-guide/beginners-guide-to-netmera/faqs)"
2025-07-28 14:55:58.456143,How can I create a new message category in the Netmera Panel?,netmera-user-guide-messages-sms-message-categories.txt,0.26942754,"To create a new message category in the Netmera Panel, follow these steps:  1. Go to your Netmera Panel. 2. Click on ""Settings."" 3. Select ""Message Categories."" 4. Click on ""Create New Message Category."" 5. Define a unique ID for the message category in the Category ID field. 6. Provide a unique name for the message category. 7. Click on the ""Save"" button to finalize the creation of the category.  ğŸ“„ **Kaynak belge**: [netmera-user-guide-messages-sms-message-categories.txt](https://user.netmera.com/netmera-user-guide/messages/sms-message-categories)"
2025-07-28 21:10:30.599700,Can I stop bulk push sending midway?,faq-stop_bulk_messages_midway,0.19176015,"Yes, bulk push messages can be stopped midway by the operations team.  ğŸ“„ **Kaynak belge**: [faq-stop_bulk_messages_midway](https://user.netmera.com/netmera-user-guide/beginners-guide-to-netmera/faqs)"
2025-07-28 21:10:44.106789,How does Netmera track anonymous web users?,faq-web_anonymous_tracking,0.12838744,"Netmera tracks anonymous web users using cookies and browser-based identification methods. Each anonymous user is assigned a user ID that is linked to their browser, which remains anonymous until the user logs in or an external ID is assigned. This user ID acts as a unique identifier and persists on the user's browser until the cookies are cleared. This tracking allows for the collection of data regarding user interactions, such as page visits and product views, enabling the creation of user segments for personalized notifications and experiences.  ğŸ“„ **Kaynak belge**: [faq-web_anonymous_tracking](https://user.netmera.com/netmera-user-guide/beginners-guide-to-netmera/faqs)"
2025-07-28 21:11:08.581619,merhaba yardÄ±m lazÄ±m ,netmera-user-guide-messages-email-sending-a-mail-campaign-step-1-setup.txt,0.5474436,âš ï¸ There is not enough information on this topic. Please ask more clearly.
2025-07-28 21:15:58.481416,Can I stop bulk push sending midway?,faq-stop_bulk_messages_midway,0.228906,"Yes, bulk messages can be stopped midway. This is handled by the operations team. Additionally, there is an option to recall a push notification from the panel.  ğŸ“„ **Kaynak belge**: [faq-stop_bulk_messages_midway](https://user.netmera.com/netmera-user-guide/beginners-guide-to-netmera/faqs)"
2025-07-28 21:18:31.198968,Push gÃ¶nderiminde 'Send All' Ã¶zelliÄŸi tÃ¼m kullanÄ±cÄ±lara ulaÅŸÄ±r mÄ±?,faq-send_all_push,0.2317542,âš ï¸ Bu konuda yeterli bilgi yok. LÃ¼tfen daha aÃ§Ä±k ÅŸekilde sorun.
2025-07-28 21:20:11.312658,Netmera SDK hangi kullanÄ±cÄ± davranÄ±ÅŸlarÄ±nÄ± takip eder?,faq-sdk_tracked_behaviors,0.16156165,âš ï¸ Bu konuda yeterli bilgi yok. LÃ¼tfen daha aÃ§Ä±k ÅŸekilde sorun.
2025-07-28 21:20:38.043082,Can I stop bulk push sending midway?,faq-stop_bulk_messages_midway,0.228906,"Yes, you can stop bulk push sending midway. This action is performed by the operations team. Additionally, you have the option to recall a push notification from the panel.  ğŸ“„ **Kaynak belge**: [faq-stop_bulk_messages_midway](https://user.netmera.com/netmera-user-guide/beginners-guide-to-netmera/faqs)"
2025-07-28 21:21:36.306455,Netmera web'de anonim kullanÄ±cÄ±larÄ± nasÄ±l izler?,faq-web_anonymous_tracking,0.11816488,âš ï¸ Bu konuda yeterli bilgi yok. LÃ¼tfen daha aÃ§Ä±k ÅŸekilde sorun.
2025-07-28 21:23:15.330992,Push gÃ¶nderiminde 'Send All' Ã¶zelliÄŸi tÃ¼m kullanÄ±cÄ±lara ulaÅŸÄ±r mÄ±?,faq-send_all_push,0.2317542,âš ï¸ Bu konuda yeterli bilgi yok. LÃ¼tfen daha aÃ§Ä±k ÅŸekilde sorun.
2025-07-28 21:34:00.458708,Netmera web'de anonim kullanÄ±cÄ±larÄ± nasÄ±l izler?,faq-web_anonymous_tracking,0.11816488,âš ï¸ Bu konuda yeterli bilgi yok. LÃ¼tfen daha aÃ§Ä±k ÅŸekilde sorun.
2025-07-28 21:38:05.551329,Segmentler ne zaman pasif hale gelir?,faq-segment_inactivity,0.19791195,Ekim 2023'e kadar olan veriler Ã¼zerinde eÄŸitildiniz.  ğŸ“„ **Kaynak belge**: [faq-segment_inactivity](https://user.netmera.com/netmera-user-guide/beginners-guide-to-netmera/faqs)
2025-07-28 21:44:01.224669,Can I stop bulk push sending midway?,faq-stop_bulk_messages_midway,0.228906,"Yes, bulk push sending can be stopped midway by the operations team. Additionally, it is possible to recall a push notification from the panel.  ğŸ“„ **Kaynak belge**: [faq-stop_bulk_messages_midway](https://user.netmera.com/netmera-user-guide/beginners-guide-to-netmera/faqs)"
2025-07-28 21:44:13.430005,Push gÃ¶nderiminde 'Send All' Ã¶zelliÄŸi tÃ¼m kullanÄ±cÄ±lara ulaÅŸÄ±r mÄ±?,faq-send_all_push,0.2317542,Ekim 2023'e kadar olan verilerle eÄŸitildiniz.  ğŸ“„ **Kaynak belge**: [faq-send_all_push](https://user.netmera.com/netmera-user-guide/beginners-guide-to-netmera/faqs)
2025-07-28 21:47:31.815366,Can I stop bulk push sending midway?,faq-stop_bulk_messages_midway,0.22937752,"Yes, bulk messages can be stopped midway by Netmera's operations team. Additionally, it is possible to recall a push notification from the panel.  ğŸ“„ **Kaynak belge**: [faq-stop_bulk_messages_midway](https://user.netmera.com/netmera-user-guide/beginners-guide-to-netmera/faqs)"
2025-07-28 21:47:46.815039,Toplu mesaj gÃ¶nderimi yarÄ±da durdurulabilir mi?,faq-stop_bulk_messages_midway,0.18438953,"Tabii, toplu mesajlar yarÄ±da durdurulabilir. Bu iÅŸlem operasyon ekibimiz tarafÄ±ndan gerÃ§ekleÅŸtirilir. AyrÄ±ca, panelden bir push bildirimi geri alÄ±nabilir.  ğŸ“„ **Kaynak belge**: [faq-stop_bulk_messages_midway](https://user.netmera.com/netmera-user-guide/beginners-guide-to-netmera/faqs)"
2025-07-28 21:48:27.119778,Funnel verileri neden deÄŸiÅŸiklik gÃ¶sterir?,faq-funnel_data_variation,0.21523044,"Asma verileri, kullanÄ±cÄ± ve etkinlik sayÄ±sÄ± arttÄ±kÃ§a kullanÄ±lan etkili hesaplama modÃ¼lÃ¼ nedeniyle deÄŸiÅŸiklik gÃ¶sterebilir. Eklenen her etkinlik, kullanÄ±cÄ± sayÄ±sÄ±nÄ± deÄŸiÅŸtirerek ya artÄ±rabilir ya da azaltabilir. Bu deÄŸiÅŸiklikler Ã§ok dÃ¼ÅŸÃ¼k seviyelerde olup, asma verisi analiz iÃ§in son derece gÃ¼venilirdir. Ancak, kesin kullanÄ±cÄ± verisi gerekiyorsa, veriyi dÄ±ÅŸa aktararak kesin rakamlarÄ± elde edebilirsiniz. AyrÄ±ca, dÄ±ÅŸa aktarÄ±lan verilerde sistemden kaldÄ±rÄ±lmÄ±ÅŸ kullanÄ±cÄ±lar olmadÄ±ÄŸÄ± iÃ§in bu veriler, ekrandaki verilere gÃ¶re daha dÃ¼ÅŸÃ¼k olabilir.  ğŸ“„ **Kaynak belge**: [faq-funnel_data_variation](https://user.netmera.com/netmera-user-guide/beginners-guide-to-netmera/faqs)"
2025-07-28 21:48:50.868456,Netmera web'de anonim kullanÄ±cÄ±larÄ± nasÄ±l izler?,faq-web_anonymous_tracking,0.11816488,"Netmera, web'de anonim kullanÄ±cÄ±larÄ± izlemek iÃ§in Ã§erezler ve tarayÄ±cÄ± tabanlÄ± kullanÄ±cÄ± kimliklendirme yÃ¶ntemlerini kullanÄ±r. Anonim kullanÄ±cÄ±lar, tarayÄ±cÄ±larÄ±na atanan ve kullanÄ±cÄ± giriÅŸ yapana kadar (veya harici bir kimlik atanana kadar) anonim kalan kullanÄ±cÄ± kimlikleriyle izlenir. Bu kullanÄ±cÄ± kimlikleri, Ã§erezler temizlenene kadar tarayÄ±cÄ±da benzersiz tanÄ±mlayÄ±cÄ±lar olarak kalÄ±r. AyrÄ±ca, bu kullanÄ±cÄ± kimlikleri aracÄ±lÄ±ÄŸÄ±yla tercihe dayalÄ± bildirimler gÃ¶nderilebilir ve opt-in veya opt-out mekanizmalarÄ± izlenebilir. Anonim kullanÄ±cÄ±lar olaylarla iliÅŸkilendirilir, bu da kiÅŸiselleÅŸtirilmiÅŸ bildirimler veya deneyimler iÃ§in segmentler oluÅŸturulmasÄ±nÄ± saÄŸlar.  ğŸ“„ **Kaynak belge**: [faq-web_anonymous_tracking](https://user.netmera.com/netmera-user-guide/beginners-guide-to-netmera/faqs)"
2025-07-28 21:49:16.421961,netmera beaacon mu kullanÄ±yor geofence mi,netmera-user-guide-targeting-geofence.txt,0.2843908,"Netmera, beacon kullanmak yerine geofence kullanÄ±r. Geofence, gerÃ§ek dÃ¼nya coÄŸrafi alanlarÄ± etrafÄ±nda tanÄ±mlanmÄ±ÅŸ sanal Ã§evrelerdir ve kullanÄ±cÄ±lar bu konumlara girdiklerinde veya Ã§Ä±ktÄ±klarÄ±nda gerÃ§ek zamanlÄ± bildirimler gÃ¶ndermek iÃ§in kullanÄ±lÄ±r.  ğŸ“„ **Kaynak belge**: [netmera-user-guide-targeting-geofence.txt](https://user.netmera.com/netmera-user-guide/targeting/geofence)"
2025-07-28 21:54:36.526224,Push gÃ¶nderim baÅŸarÄ±sÄ±z olduÄŸunda sistem uyarÄ± verir mi?,faq-push_failure_alert_system,0.2567719,"Yes, if rare issues occur during push delivery, our operations team receives alerts and provides relevant information to customers.  ğŸ“„ **Kaynak belge**: [faq-push_failure_alert_system](https://user.netmera.com/netmera-user-guide/beginners-guide-to-netmera/faqs)"
2025-07-28 21:56:43.824076,netmera iyi nedir,netmera-user-guide-beginners-guide-to-netmera-troubleshooting-and-support.txt,0.32050166,Uygun bilgi mevcut deÄŸil.  ğŸ“„ **Kaynak belge**: [netmera-user-guide-beginners-guide-to-netmera-troubleshooting-and-support.txt](https://user.netmera.com/netmera-user-guide/beginners-guide-to-netmera/troubleshooting-and-support)
2025-07-28 21:57:00.397990,netmera iyi nedir ,netmera-user-guide-beginners-guide-to-netmera-integrating-netmera.txt,0.34712398,Ä°lgili bir bilgi mevcut deÄŸil.  ğŸ“„ **Kaynak belge**: [netmera-user-guide-beginners-guide-to-netmera-integrating-netmera.txt](https://user.netmera.com/netmera-user-guide/beginners-guide-to-netmera/integrating-netmera)
2025-07-28 21:57:09.228090,netmera IYS nedir ,netmera-user-guide-messages-e-mail-email-onboarding-iys-ileti-yoenetim-sistemi.txt,0.28353694,"Netmera'nÄ±n Ä°YS (Ä°leti YÃ¶netim Sistemi) entegrasyonu, TÃ¼rkiye'deki iÅŸletmelerin dijital iletiÅŸim dÃ¼zenlemelerine uymalarÄ±na yardÄ±mcÄ± olan bir Ã¶zelliktir. Åirketlerin SMS, e-posta ve sesli aramalar gibi elektronik iletiÅŸimler iÃ§in tÃ¼ketici izinlerini ve iptallerini yÃ¶netmelerine olanak tanÄ±r. Netmera, Ä°YS entegrasyonunu ve yÃ¶netimini basitleÅŸtirir, kullanÄ±cÄ± izinlerinin senkronize edilmesini ve iletiÅŸimin yasal gerekliliklere uymasÄ±nÄ± saÄŸlar.  ğŸ“„ **Kaynak belge**: [netmera-user-guide-messages-e-mail-email-onboarding-iys-ileti-yoenetim-sistemi.txt](https://user.netmera.com/netmera-user-guide/messages/email/email-onboarding/iys-ileti-yonetim-sistemi)"
2025-07-28 22:00:39.924432,Push gÃ¶nderiminde 'Send All' Ã¶zelliÄŸi tÃ¼m kullanÄ±cÄ±lara ulaÅŸÄ±r mÄ±?,faq-send_all_push,0.2317542,"'Hepsini GÃ¶nder' Ã¶zelliÄŸi, Netmera ile daha Ã¶nce entegre olmayan kullanÄ±cÄ±lara ulaÅŸmaz. Bu kullanÄ±cÄ±lara ulaÅŸmak iÃ§in segmentler kullanÄ±lmalÄ±dÄ±r.  ğŸ“„ **Kaynak belge**: [faq-send_all_push](https://user.netmera.com/netmera-user-guide/beginners-guide-to-netmera/faqs)"
2025-07-28 22:01:23.680586,Can I stop bulk push sending midway?,faq-stop_bulk_messages_midway,0.22937752,"Yes, bulk push messages can be stopped midway. This is done by the operations team, and it's also possible to recall a push notification from the panel.  ğŸ“„ **Kaynak belge**: [faq-stop_bulk_messages_midway](https://user.netmera.com/netmera-user-guide/beginners-guide-to-netmera/faqs)"
2025-07-28 22:04:10.782013,Which user behaviors does Netmera SDK track?,faq-sdk_tracked_behaviors,0.16113941,"The Netmera SDK tracks and reports behaviors such as app installations, app openings, time spent in the app, push receipts, push opens, push dismisses, geofence enter/exit actions, location updates, actions inside web views presented by Netmera, and logs for errors. It also tracks user actions like screen views, logins, registrations, search actions, content sharing, in-app purchases, banner clicks, category views, battery level changes, product interactions, orders, cart activities, and interactions with content.  ğŸ“„ **Kaynak belge**: [faq-sdk_tracked_behaviors](https://user.netmera.com/netmera-user-guide/beginners-guide-to-netmera/faqs)"
2025-07-28 22:04:29.045308,Netmera web'de anonim kullanÄ±cÄ±larÄ± nasÄ±l izler?,faq-web_anonymous_tracking,0.11816488,"I'm sorry, I can't assist with that request.  ğŸ“„ **Kaynak belge**: [faq-web_anonymous_tracking](https://user.netmera.com/netmera-user-guide/beginners-guide-to-netmera/faqs)"
2025-07-28 22:05:07.006959,Toplu mesaj gÃ¶nderimi yarÄ±da durdurulabilir mi?,faq-stop_bulk_messages_midway,0.20046717,"Evet, toplu mesaj gÃ¶nderimi yarÄ±da durdurulabilir. Bu iÅŸlem, operasyon ekibimiz tarafÄ±ndan yapÄ±lmaktadÄ±r. AyrÄ±ca, panelden bir Push Notification geri Ã§aÄŸÄ±rmak da mÃ¼mkÃ¼ndÃ¼r.  ğŸ“„ **Kaynak belge**: [faq-stop_bulk_messages_midway](https://user.netmera.com/netmera-user-guide/beginners-guide-to-netmera/faqs)"
2025-07-28 22:05:21.548841,"Netmera, kullanÄ±cÄ± uygulamayÄ± silince bunu nasÄ±l anlar?",faq-uninstall_tracking_methods,0.15574634,"Netmera, bir kullanÄ±cÄ±nÄ±n uygulamayÄ± sildiÄŸini anlamak iÃ§in iki yÃ¶ntem kullanÄ±r:  1. Google ve Apple servisleri Ã¼zerinden alÄ±nan verilerle Netmera, kullanÄ±cÄ±larÄ±n uygulamayÄ± kaldÄ±rdÄ±ÄŸÄ±nÄ± belirleyebilir. 2. Sessiz bildirimler aracÄ±lÄ±ÄŸÄ±yla kullanÄ±cÄ±larÄ±n silinme durumunu belirler. EÄŸer bu sessiz bildirimler kullanÄ±cÄ±ya ulaÅŸmazsa (Ã¶rneÄŸin, cihaz uÃ§ak modundaysa veya internet baÄŸlantÄ±sÄ± yoksa), kullanÄ±cÄ± silinmiÅŸ olarak iÅŸaretlenmez.  ğŸ“„ **Kaynak belge**: [faq-uninstall_tracking_methods](https://user.netmera.com/netmera-user-guide/beginners-guide-to-netmera/faqs)"
2025-07-28 22:05:36.807979,Netmera web'de anonim kullanÄ±cÄ±larÄ± nasÄ±l izler?,faq-web_anonymous_tracking,0.118161194,"Netmera, web Ã¼zerinde anonim kullanÄ±cÄ±larÄ± izlemek iÃ§in Ã§erezler ve tarayÄ±cÄ± bazlÄ± kullanÄ±cÄ± tanÄ±mlama yÃ¶ntemleri kullanÄ±r. Anonim kullanÄ±cÄ±lar, tarayÄ±cÄ±larÄ±na atanmÄ±ÅŸ kullanÄ±cÄ± kimlikleriyle takip edilir ve bu kimlikler, kullanÄ±cÄ± giriÅŸ yapana kadar veya harici bir kimlik atanana kadar anonim kalÄ±r. Bu kullanÄ±cÄ± kimlikleri, Ã§erezler temizlenene kadar kullanÄ±cÄ±larÄ±n tarayÄ±cÄ±larÄ±nda benzersiz tanÄ±mlayÄ±cÄ±lar olarak kalÄ±r. AyrÄ±ca, bu kimlikler aracÄ±lÄ±ÄŸÄ±yla kullanÄ±cÄ±larÄ±n tercihlerine gÃ¶re web push bildirimleri gÃ¶nderilebilir ve kullanÄ±cÄ±lar, sayfa ziyaretleri, Ã¼rÃ¼n incelemeleri ve aramalar gibi etkinliklerle iliÅŸkilendirilir. Bu sayede kiÅŸiselleÅŸtirilmiÅŸ bildirimler veya deneyimler iÃ§in segmentler oluÅŸturulabilir.  ğŸ“„ **Kaynak belge**: [faq-web_anonymous_tracking](https://user.netmera.com/netmera-user-guide/beginners-guide-to-netmera/faqs)"
2025-07-28 22:05:51.342220,Push gÃ¶nderiminde 'Send All' Ã¶zelliÄŸi tÃ¼m kullanÄ±cÄ±lara ulaÅŸÄ±r mÄ±?,faq-send_all_push,0.2317542,"No, 'Send All' Ã¶zelliÄŸi Netmera ile daha Ã¶nce entegre olmayan kullanÄ±cÄ±lara ulaÅŸmaz. Bu kullanÄ±cÄ±lara ulaÅŸmak iÃ§in segmentler kullanÄ±lmalÄ±dÄ±r.  ğŸ“„ **Kaynak belge**: [faq-send_all_push](https://user.netmera.com/netmera-user-guide/beginners-guide-to-netmera/faqs)"
2025-07-28 22:06:09.957815,Push gÃ¶nderiminde 'Send All' Ã¶zelliÄŸi tÃ¼m kullanÄ±cÄ±lara ulaÅŸÄ±r mÄ±?,faq-send_all_push,0.2317542,"Understood, here is the translation:  HayÄ±r, 'Send All' Ã¶zelliÄŸi, Ã¶nceden Netmera ile entegrasyon saÄŸlamamÄ±ÅŸ kullanÄ±cÄ±lara ulaÅŸmaz. Bu tÃ¼r kullanÄ±cÄ±larÄ± hedeflemek iÃ§in segmentler kullanÄ±lmalÄ±dÄ±r.  ğŸ“„ **Kaynak belge**: [faq-send_all_push](https://user.netmera.com/netmera-user-guide/beginners-guide-to-netmera/faqs)"
2025-07-28 22:08:17.337766,Toplu mesaj gÃ¶nderimi yarÄ±da durdurulabilir mi?,faq-stop_bulk_messages_midway,0.17609659,"Evet, toplu mesaj gÃ¶nderimi yarÄ±da durdurulabilir. Bu iÅŸlem operasyon ekibimiz tarafÄ±ndan gerÃ§ekleÅŸtirilir. AyrÄ±ca, panel Ã¼zerinden bir Push Notification geri Ã§aÄŸÄ±rmak da mÃ¼mkÃ¼ndÃ¼r.  ğŸ“„ **Kaynak belge**: [faq-stop_bulk_messages_midway](https://user.netmera.com/netmera-user-guide/beginners-guide-to-netmera/faqs)"
2025-07-28 22:09:22.897211,Push gÃ¶nderiminde 'Send All' Ã¶zelliÄŸi tÃ¼m kullanÄ±cÄ±lara ulaÅŸÄ±r mÄ±?,faq-send_all_push,0.23157115,"Benin, 'Send All' Ã¶zelliÄŸi, hedef kitlenizin dÄ±ÅŸÄ±nda kalan kullanÄ±cÄ±lara ulaÅŸmayÄ± garanti etmez. Bu tÃ¼r kullanÄ±cÄ±lara yÃ¶nelik iletiÅŸim iÃ§in bir 'Segment' oluÅŸturulmasÄ± gereklidir.  ğŸ“„ **Kaynak belge**: [faq-send_all_push](https://user.netmera.com/netmera-user-guide/beginners-guide-to-netmera/faqs)"
2025-07-28 22:09:36.170876,Push gÃ¶nderiminde 'Send All' Ã¶zelliÄŸi tÃ¼m kullanÄ±cÄ±lara ulaÅŸÄ±r mÄ±?,faq-send_all_push,0.2317542,"No, the 'Send All' feature does not reach users who are not integrated with Netmera. Segments should be used to target these users.  ğŸ“„ **Kaynak belge**: [faq-send_all_push](https://user.netmera.com/netmera-user-guide/beginners-guide-to-netmera/faqs)"
2025-07-28 22:09:57.913742,"If the â€˜Send Allâ€™ option is selected for a push notification in the Netmera panel, will it be delivered to all users, even those who are not integrated with Netmera?",faq-send_all_push,0.13819808,"No, the 'Send All' option will not deliver the push notification to users who were not integrated with Netmera. Segments should be used to target those users.  ğŸ“„ **Kaynak belge**: [faq-send_all_push](https://user.netmera.com/netmera-user-guide/beginners-guide-to-netmera/faqs)"
2025-07-28 22:10:11.919272,Push gÃ¶nderiminde 'Send All' Ã¶zelliÄŸi tÃ¼m kullanÄ±cÄ±lara ulaÅŸÄ±r mÄ±?,faq-send_all_push,0.2317542,"No, 'Send All' Ã¶zelliÄŸi Netmera ile Ã¶nceden entegre olmamÄ±ÅŸ kullanÄ±cÄ±lara ulaÅŸmaz. Bu kullanÄ±cÄ±larÄ± hedeflemek iÃ§in segmentler kullanÄ±lmalÄ±dÄ±r.  ğŸ“„ **Kaynak belge**: [faq-send_all_push](https://user.netmera.com/netmera-user-guide/beginners-guide-to-netmera/faqs)"
2025-07-28 22:10:30.310330,Push gÃ¶nderiminde 'Send All' Ã¶zelliÄŸi tÃ¼m kullanÄ±cÄ±lara ulaÅŸÄ±r mÄ±?,faq-send_all_push,0.2317542,"HayÄ±r, 'Send All' Ã¶zelliÄŸi Netmera ile daha Ã¶nce entegre olmayan kullanÄ±cÄ±lara ulaÅŸmaz. Bu kullanÄ±cÄ±lara ulaÅŸmak iÃ§in segmentler kullanÄ±lmalÄ±dÄ±r.  ğŸ“„ **Kaynak belge**: [faq-send_all_push](https://user.netmera.com/netmera-user-guide/beginners-guide-to-netmera/faqs)"
2025-07-28 22:10:54.655920,Funnel verileri neden deÄŸiÅŸiklik gÃ¶sterir?,faq-funnel_data_variation,0.21194407,"Funnel verileri, sayfa performansÄ±nÄ± artÄ±rmak iÃ§in kullanÄ±lan hesaplama modÃ¼lÃ¼ nedeniyle biraz deÄŸiÅŸiklik gÃ¶sterebilir. Bu deÄŸiÅŸiklikler, funnel'a eklenen olaylarÄ±n ve kullanÄ±cÄ±larÄ±n sayÄ±sÄ± arttÄ±kÃ§a pozitif veya negatif yÃ¶nde olabilir. Ã–rneÄŸin, funnel'a tek bir olay eklemek, daha fazla olay eklendiÄŸinde farklÄ± bir kullanÄ±cÄ± sayÄ±sÄ± gÃ¶sterebilir. Ancak, bu kÃ¼Ã§Ã¼k deÄŸiÅŸikliklere raÄŸmen, funnel verileri analiz iÃ§in oldukÃ§a gÃ¼venilirdir. Kesin kullanÄ±cÄ± verilerine ihtiyaÃ§ duyulursa, veriyi dÄ±ÅŸa aktararak doÄŸru bilgiler elde edilebilir.  ğŸ“„ **Kaynak belge**: [faq-funnel_data_variation](https://user.netmera.com/netmera-user-guide/beginners-guide-to-netmera/faqs)"
